TiAGo Throughput on Navigation Test,Bandwidth (kB/s)
ext4,7680
ext4,7710.72
ext4,7772.16
ext4,7833.6
ext4,7884.8
ext4,7905.28
ext4,7925.76
ext4,7936
ext4,7936
ext4,7936
ext4,7946.24
ext4,7976.96
ext4,8007.68
ext4,8017.92
ext4,8017.92
ext4,8028.16
ext4,8028.16
ext4,8222.72
ext4,8304.64
ext4,8304.64
ext4,8314.88
ext4,8325.12
ext4,8345.6
ext4,8345.6
ext4,8366.08
ext4,8376.32
ext4,8386.56
ext4,8386.56
ext4,8396.8
ext4,8407.04
ext4,8427.52
ext4,8437.76
ext4,8448
ext4,8488.96
ext4,8488.96
ext4,8488.96
ext4,8488.96
ext4,8499.2
ext4,8499.2
ext4,8499.2
ext4,8499.2
ext4,8499.2
ext4,8509.44
ext4,8509.44
ext4,8509.44
ext4,8509.44
ext4,8509.44
ext4,8519.68
ext4,8519.68
ext4,8519.68
ext4,8529.92
ext4,8529.92
ext4,8529.92
ext4,8540.16
ext4,8540.16
ext4,8540.16
ext4,8550.4
ext4,8550.4
ext4,8550.4
ext4,8550.4
ext4,8550.4
ext4,8550.4
ext4,8550.4
ext4,8550.4
ext4,8560.64
ext4,8560.64
ext4,8560.64
ext4,8560.64
ext4,8560.64
ext4,8560.64
ext4,8570.88
ext4,8570.88
ext4,8570.88
ext4,8581.12
ext4,8581.12
ext4,8581.12
ext4,8581.12
ext4,8591.36
ext4,8591.36
ext4,8591.36
ext4,8601.6
ext4,8601.6
ext4,8601.6
ext4,8601.6
ext4,8601.6
ext4,8601.6
ext4,8601.6
ext4,8601.6
ext4,8601.6
ext4,8611.84
ext4,8622.08
ext4,8632.32
ext4,8632.32
ext4,8632.32
ext4,8632.32
ext4,8642.56
ext4,8642.56
ext4,8642.56
ext4,8642.56
ext4,8642.56
ext4,8663.04
ext4,8663.04
ext4,8673.28
ext4,8673.28
ext4,8683.52
ext4,8683.52
ext4,8683.52
ext4,8693.76
ext4,8693.76
ext4,8693.76
ext4,8693.76
ext4,8704
ext4,8714.24
ext4,8714.24
ext4,8714.24
ext4,8724.48
ext4,8724.48
ext4,8724.48
ext4,8734.72
ext4,8775.68
ext4,8796.16
ext4,8816.64
ext4,8867.84
ext4,8919.04
ext4,9082.88
ext4,9338.88
ext4,9369.6
ext4,9605.12
ext4,9635.84
ext4,9646.08
ext4,9676.8
ext4,9687.04
ext4,9687.04
ext4,9697.28
ext4,9707.52
ext4,9707.52
ext4,9707.52
ext4,9707.52
ext4,9717.76
ext4,9717.76
ext4,9717.76
ext4,9728
ext4,9728
ext4,9748.48
ext4,9748.48
ext4,9758.72
ext4,9779.2
ext4,9799.68
ext4,9799.68
ext4,9799.68
ext4,9799.68
ext4,9809.92
ext4,9809.92
ext4,9820.16
ext4,9820.16
ext4,9840.64
ext4,9850.88
ext4,9850.88
ext4,9850.88
ext4,9850.88
ext4,9850.88
ext4,9861.12
ext4,9861.12
ext4,9861.12
ext4,9861.12
ext4,9861.12
ext4,9861.12
ext4,9871.36
ext4,9871.36
ext4,9871.36
ext4,9871.36
ext4,9871.36
ext4,9871.36
ext4,9871.36
ext4,9871.36
ext4,9881.6
ext4,9881.6
ext4,9881.6
ext4,9881.6
ext4,9881.6
ext4,9881.6
ext4,9881.6
ext4,9881.6
ext4,9881.6
ext4,9881.6
ext4,9881.6
ext4,9881.6
ext4,9881.6
ext4,9891.84
ext4,9891.84
ext4,9891.84
ext4,9891.84
ext4,9891.84
ext4,9891.84
ext4,9891.84
ext4,9891.84
ext4,9891.84
ext4,9891.84
ext4,9891.84
ext4,9891.84
ext4,9891.84
ext4,9891.84
ext4,9891.84
ext4,9902.08
ext4,9902.08
ext4,9902.08
ext4,9902.08
ext4,9902.08
ext4,9902.08
ext4,9902.08
ext4,9902.08
ext4,9902.08
ext4,9902.08
ext4,9902.08
ext4,9902.08
ext4,9902.08
ext4,9912.32
ext4,9912.32
ext4,9912.32
ext4,9912.32
ext4,9912.32
ext4,9912.32
ext4,9912.32
ext4,9912.32
ext4,9912.32
ext4,9912.32
ext4,9912.32
ext4,9922.56
ext4,9922.56
ext4,9922.56
ext4,9922.56
ext4,9922.56
ext4,9922.56
ext4,9922.56
ext4,9922.56
ext4,9922.56
ext4,9922.56
ext4,9922.56
ext4,9922.56
ext4,9922.56
ext4,9922.56
ext4,9922.56
ext4,9922.56
ext4,9922.56
ext4,9922.56
ext4,9932.8
ext4,9932.8
ext4,9932.8
ext4,9932.8
ext4,9932.8
ext4,9932.8
ext4,9932.8
ext4,9932.8
ext4,9932.8
ext4,9932.8
ext4,9932.8
ext4,9943.04
ext4,9943.04
ext4,9943.04
ext4,9943.04
ext4,9943.04
ext4,9943.04
ext4,9943.04
ext4,9943.04
ext4,9943.04
ext4,9943.04
ext4,9943.04
ext4,9943.04
ext4,9943.04
ext4,9943.04
ext4,9943.04
ext4,9943.04
ext4,9943.04
ext4,9943.04
ext4,9943.04
ext4,9943.04
ext4,9943.04
ext4,9943.04
ext4,9943.04
ext4,9943.04
ext4,9953.28
ext4,9953.28
ext4,9953.28
ext4,9953.28
ext4,9953.28
ext4,9953.28
ext4,9953.28
ext4,9953.28
ext4,9953.28
ext4,9963.52
ext4,9963.52
ext4,9963.52
ext4,9963.52
ext4,9963.52
ext4,9963.52
ext4,9963.52
ext4,9963.52
ext4,9963.52
ext4,9963.52
ext4,9963.52
ext4,9963.52
ext4,9973.76
ext4,9973.76
ext4,9973.76
ext4,9973.76
ext4,9973.76
ext4,9973.76
ext4,9973.76
ext4,9973.76
ext4,9973.76
ext4,9973.76
ext4,9973.76
ext4,9973.76
ext4,9973.76
ext4,9984
ext4,9984
ext4,9984
ext4,9984
ext4,9984
ext4,9984
ext4,9984
ext4,9984
ext4,9984
ext4,9984
ext4,9984
ext4,9984
ext4,9984
ext4,9984
ext4,9984
ext4,9994.24
ext4,9994.24
ext4,9994.24
ext4,9994.24
ext4,9994.24
ext4,9994.24
ext4,9994.24
ext4,9994.24
ext4,9994.24
ext4,9994.24
ext4,9994.24
ext4,9994.24
ext4,9994.24
ext4,10004.48
ext4,10004.48
ext4,10004.48
ext4,10004.48
ext4,10004.48
ext4,10004.48
ext4,10004.48
ext4,10014.72
ext4,10014.72
ext4,10014.72
ext4,10014.72
ext4,10014.72
ext4,10024.96
ext4,10024.96
ext4,10024.96
ext4,10024.96
ext4,10024.96
ext4,10024.96
ext4,10024.96
ext4,10024.96
ext4,10024.96
ext4,10024.96
ext4,10024.96
ext4,10024.96
ext4,10035.2
ext4,10035.2
ext4,10035.2
ext4,10045.44
ext4,10045.44
ext4,10055.68
ext4,10055.68
ext4,10055.68
ext4,10065.92
ext4,10065.92
ext4,10065.92
ext4,10065.92
ext4,10065.92
ext4,10065.92
ext4,10076.16
ext4,10086.4
ext4,10086.4
ext4,10096.64
ext4,10096.64
ext4,10096.64
ext4,10106.88
ext4,10106.88
ext4,10106.88
ext4,10117.12
ext4,10117.12
ext4,10117.12
ext4,10127.36
ext4,10127.36
ext4,10127.36
ext4,10127.36
ext4,10127.36
ext4,10127.36
ext4,10127.36
ext4,10147.84
ext4,10147.84
ext4,10158.08
ext4,10158.08
ext4,10158.08
ext4,10158.08
ext4,10158.08
ext4,10158.08
ext4,10168.32
ext4,10168.32
ext4,10168.32
ext4,10178.56
ext4,10178.56
ext4,10178.56
ext4,10178.56
ext4,10188.8
ext4,10188.8
ext4,10188.8
ext4,10188.8
ext4,10188.8
ext4,10188.8
ext4,10199.04
ext4,10199.04
ext4,10199.04
ext4,10209.28
ext4,10209.28
ext4,10209.28
ext4,10219.52
ext4,10219.52
ext4,10219.52
ext4,10229.76
ext4,10229.76
ext4,10229.76
ext4,10229.76
ext4,10229.76
ext4,10240
ext4,10250.24
ext4,10250.24
ext4,10260.48
ext4,10260.48
ext4,10270.72
ext4,10270.72
ext4,10270.72
ext4,10280.96
ext4,10280.96
ext4,10280.96
ext4,10280.96
ext4,10280.96
ext4,10291.2
ext4,10301.44
ext4,10301.44
ext4,10311.68
ext4,10311.68
ext4,10311.68
ext4,10311.68
ext4,10332.16
ext4,10342.4
ext4,10342.4
ext4,10352.64
ext4,10352.64
ext4,10352.64
ext4,10352.64
ext4,10352.64
ext4,10362.88
ext4,10362.88
ext4,10362.88
ext4,10362.88
ext4,10362.88
ext4,10362.88
ext4,10373.12
ext4,10373.12
ext4,10373.12
ext4,10373.12
ext4,10383.36
ext4,10383.36
ext4,10393.6
ext4,10393.6
ext4,10393.6
ext4,10393.6
ext4,10393.6
ext4,10403.84
ext4,10403.84
ext4,10403.84
ext4,10403.84
ext4,10403.84
ext4,10403.84
ext4,10403.84
ext4,10403.84
ext4,10403.84
ext4,10414.08
ext4,10414.08
ext4,10414.08
ext4,10414.08
ext4,10414.08
ext4,10424.32
ext4,10424.32
ext4,10424.32
ext4,10424.32
ext4,10424.32
ext4,10424.32
ext4,10424.32
ext4,10434.56
ext4,10434.56
ext4,10434.56
ext4,10434.56
ext4,10434.56
ext4,10434.56
ext4,10434.56
ext4,10434.56
ext4,10444.8
ext4,10444.8
ext4,10444.8
ext4,10444.8
ext4,10444.8
ext4,10455.04
ext4,10455.04
ext4,10465.28
ext4,10465.28
ext4,10465.28
ext4,10465.28
ext4,10465.28
ext4,10465.28
ext4,10465.28
ext4,10465.28
ext4,10465.28
ext4,10465.28
ext4,10475.52
ext4,10475.52
ext4,10475.52
ext4,10475.52
ext4,10475.52
ext4,10475.52
ext4,10485.76
ext4,10485.76
ext4,10485.76
ext4,10485.76
ext4,10485.76
ext4,10485.76
ext4,10485.76
ext4,10485.76
ext4,10485.76
ext4,10485.76
ext4,10496
ext4,10496
ext4,10496
ext4,10496
ext4,10496
ext4,10496
ext4,10506.24
ext4,10506.24
ext4,10506.24
ext4,10506.24
ext4,10506.24
ext4,10516.48
ext4,10516.48
ext4,10516.48
ext4,10516.48
ext4,10516.48
ext4,10516.48
ext4,10516.48
ext4,10516.48
ext4,10526.72
ext4,10526.72
ext4,10526.72
ext4,10526.72
ext4,10526.72
ext4,10526.72
ext4,10526.72
ext4,10526.72
ext4,10536.96
ext4,10536.96
ext4,10536.96
ext4,10536.96
ext4,10536.96
ext4,10536.96
ext4,10536.96
ext4,10547.2
ext4,10547.2
ext4,10547.2
ext4,10547.2
ext4,10547.2
ext4,10547.2
ext4,10547.2
ext4,10557.44
ext4,10557.44
ext4,10557.44
ext4,10557.44
ext4,10557.44
ext4,10557.44
ext4,10567.68
ext4,10567.68
ext4,10567.68
ext4,10567.68
ext4,10567.68
ext4,10567.68
ext4,10567.68
ext4,10567.68
ext4,10567.68
ext4,10567.68
ext4,10567.68
ext4,10567.68
ext4,10567.68
ext4,10567.68
ext4,10567.68
ext4,10567.68
ext4,10567.68
ext4,10577.92
ext4,10577.92
ext4,10577.92
ext4,10577.92
ext4,10577.92
ext4,10577.92
ext4,10577.92
ext4,10577.92
ext4,10577.92
ext4,10577.92
ext4,10577.92
ext4,10577.92
ext4,10577.92
ext4,10577.92
ext4,10577.92
ext4,10588.16
ext4,10588.16
ext4,10588.16
ext4,10588.16
ext4,10588.16
ext4,10588.16
ext4,10588.16
ext4,10588.16
ext4,10588.16
ext4,10588.16
ext4,10588.16
ext4,10588.16
ext4,10588.16
ext4,10588.16
ext4,10588.16
ext4,10598.4
ext4,10598.4
ext4,10598.4
ext4,10598.4
ext4,10598.4
ext4,10598.4
ext4,10598.4
ext4,10598.4
ext4,10598.4
ext4,10598.4
ext4,10598.4
ext4,10598.4
ext4,10598.4
ext4,10598.4
ext4,10598.4
ext4,10598.4
ext4,10598.4
ext4,10598.4
ext4,10598.4
ext4,10598.4
ext4,10598.4
ext4,10598.4
ext4,10598.4
ext4,10598.4
ext4,10598.4
ext4,10598.4
ext4,10608.64
ext4,10608.64
ext4,10608.64
ext4,10608.64
ext4,10608.64
ext4,10608.64
ext4,10608.64
ext4,10608.64
ext4,10608.64
ext4,10608.64
ext4,10608.64
ext4,10608.64
ext4,10608.64
ext4,10608.64
ext4,10608.64
ext4,10608.64
ext4,10608.64
ext4,10608.64
ext4,10608.64
ext4,10608.64
ext4,10608.64
ext4,10608.64
ext4,10608.64
ext4,10608.64
ext4,10608.64
ext4,10608.64
ext4,10608.64
ext4,10618.88
ext4,10618.88
ext4,10618.88
ext4,10618.88
ext4,10618.88
ext4,10618.88
ext4,10618.88
ext4,10618.88
ext4,10618.88
ext4,10618.88
ext4,10618.88
ext4,10618.88
ext4,10618.88
ext4,10618.88
ext4,10618.88
ext4,10618.88
ext4,10618.88
ext4,10618.88
ext4,10618.88
ext4,10618.88
ext4,10618.88
ext4,10618.88
ext4,10618.88
ext4,10618.88
ext4,10618.88
ext4,10618.88
ext4,10618.88
ext4,10618.88
ext4,10618.88
ext4,10618.88
ext4,10618.88
ext4,10618.88
ext4,10618.88
ext4,10629.12
ext4,10629.12
ext4,10629.12
ext4,10629.12
ext4,10629.12
ext4,10629.12
ext4,10629.12
ext4,10629.12
ext4,10629.12
ext4,10629.12
ext4,10629.12
ext4,10629.12
ext4,10629.12
ext4,10629.12
ext4,10629.12
ext4,10629.12
ext4,10629.12
ext4,10629.12
ext4,10629.12
ext4,10629.12
ext4,10629.12
ext4,10629.12
ext4,10629.12
ext4,10629.12
ext4,10629.12
ext4,10639.36
ext4,10639.36
ext4,10639.36
ext4,10639.36
ext4,10639.36
ext4,10639.36
ext4,10639.36
ext4,10639.36
ext4,10639.36
ext4,10639.36
ext4,10639.36
ext4,10639.36
ext4,10639.36
ext4,10639.36
ext4,10639.36
ext4,10639.36
ext4,10639.36
ext4,10639.36
ext4,10639.36
ext4,10639.36
ext4,10639.36
ext4,10639.36
ext4,10639.36
ext4,10639.36
ext4,10639.36
ext4,10639.36
ext4,10639.36
ext4,10639.36
ext4,10639.36
ext4,10639.36
ext4,10639.36
ext4,10639.36
ext4,10639.36
ext4,10639.36
ext4,10639.36
ext4,10639.36
ext4,10639.36
ext4,10639.36
ext4,10639.36
ext4,10639.36
ext4,10639.36
ext4,10649.6
ext4,10649.6
ext4,10649.6
ext4,10649.6
ext4,10649.6
ext4,10649.6
ext4,10649.6
ext4,10649.6
ext4,10649.6
ext4,10649.6
ext4,10649.6
ext4,10649.6
ext4,10649.6
ext4,10649.6
ext4,10649.6
ext4,10649.6
ext4,10649.6
ext4,10649.6
ext4,10649.6
ext4,10649.6
ext4,10649.6
ext4,10649.6
ext4,10649.6
ext4,10649.6
ext4,10649.6
ext4,10649.6
ext4,10649.6
ext4,10649.6
ext4,10649.6
ext4,10649.6
ext4,10649.6
ext4,10649.6
ext4,10649.6
ext4,10649.6
ext4,10649.6
ext4,10649.6
ext4,10649.6
ext4,10649.6
ext4,10649.6
ext4,10649.6
ext4,10649.6
ext4,10649.6
ext4,10649.6
ext4,10659.84
ext4,10659.84
ext4,10659.84
ext4,10659.84
ext4,10659.84
ext4,10659.84
ext4,10659.84
ext4,10659.84
ext4,10659.84
ext4,10659.84
ext4,10659.84
ext4,10659.84
ext4,10659.84
ext4,10659.84
ext4,10659.84
ext4,10659.84
ext4,10659.84
ext4,10659.84
ext4,10659.84
ext4,10659.84
ext4,10659.84
ext4,10659.84
ext4,10659.84
ext4,10659.84
ext4,10659.84
ext4,10659.84
ext4,10659.84
ext4,10659.84
ext4,10659.84
ext4,10659.84
ext4,10659.84
ext4,10659.84
ext4,10659.84
ext4,10659.84
ext4,10659.84
ext4,10659.84
ext4,10659.84
ext4,10659.84
ext4,10659.84
ext4,10659.84
ext4,10670.08
ext4,10670.08
ext4,10670.08
ext4,10670.08
ext4,10670.08
ext4,10670.08
ext4,10670.08
ext4,10670.08
ext4,10670.08
sealfs,10670.08
sealfs,10670.08
sealfs,10670.08
sealfs,10670.08
sealfs,10670.08
sealfs,10670.08
sealfs,10670.08
sealfs,10670.08
sealfs,10670.08
sealfs,10670.08
sealfs,10670.08
sealfs,10670.08
sealfs,10670.08
sealfs,10670.08
sealfs,10670.08
sealfs,10670.08
sealfs,10670.08
sealfs,10670.08
sealfs,10670.08
sealfs,10670.08
sealfs,10670.08
sealfs,10670.08
sealfs,10670.08
sealfs,10670.08
sealfs,10670.08
sealfs,10670.08
sealfs,10670.08
sealfs,10670.08
sealfs,10670.08
sealfs,10670.08
sealfs,10670.08
sealfs,10670.08
sealfs,10670.08
sealfs,10670.08
sealfs,10670.08
sealfs,10670.08
sealfs,10670.08
sealfs,10680.32
sealfs,10680.32
sealfs,10680.32
sealfs,10680.32
sealfs,10680.32
sealfs,10680.32
sealfs,10680.32
sealfs,10680.32
sealfs,10680.32
sealfs,10680.32
sealfs,10680.32
sealfs,10680.32
sealfs,10680.32
sealfs,10680.32
sealfs,10680.32
sealfs,10680.32
sealfs,10680.32
sealfs,10680.32
sealfs,10680.32
sealfs,10680.32
sealfs,10680.32
sealfs,10680.32
sealfs,10680.32
sealfs,10680.32
sealfs,10680.32
sealfs,10680.32
sealfs,10680.32
sealfs,10680.32
sealfs,10680.32
sealfs,10680.32
sealfs,10680.32
sealfs,10680.32
sealfs,10680.32
sealfs,10680.32
sealfs,10680.32
sealfs,10680.32
sealfs,10680.32
sealfs,10680.32
sealfs,10680.32
sealfs,10690.56
sealfs,10690.56
sealfs,10690.56
sealfs,10690.56
sealfs,10690.56
sealfs,10690.56
sealfs,10690.56
sealfs,10690.56
sealfs,10690.56
sealfs,10690.56
sealfs,10690.56
sealfs,10690.56
sealfs,10690.56
sealfs,10690.56
sealfs,10690.56
sealfs,10690.56
sealfs,10690.56
sealfs,10690.56
sealfs,10690.56
sealfs,10690.56
sealfs,10690.56
sealfs,10690.56
sealfs,10690.56
sealfs,10690.56
sealfs,10690.56
sealfs,10690.56
sealfs,10690.56
sealfs,10690.56
sealfs,10690.56
sealfs,10690.56
sealfs,10690.56
sealfs,10690.56
sealfs,10690.56
sealfs,10690.56
sealfs,10690.56
sealfs,10690.56
sealfs,10690.56
sealfs,10690.56
sealfs,10690.56
sealfs,10690.56
sealfs,10690.56
sealfs,10690.56
sealfs,10690.56
sealfs,10690.56
sealfs,10690.56
sealfs,10690.56
sealfs,10690.56
sealfs,10700.8
sealfs,10700.8
sealfs,10700.8
sealfs,10700.8
sealfs,10700.8
sealfs,10700.8
sealfs,10700.8
sealfs,10700.8
sealfs,10700.8
sealfs,10700.8
sealfs,10700.8
sealfs,10700.8
sealfs,10700.8
sealfs,10700.8
sealfs,10700.8
sealfs,10700.8
sealfs,10700.8
sealfs,10700.8
sealfs,10700.8
sealfs,10700.8
sealfs,10700.8
sealfs,10700.8
sealfs,10700.8
sealfs,10700.8
sealfs,10700.8
sealfs,10700.8
sealfs,10700.8
sealfs,10700.8
sealfs,10700.8
sealfs,10700.8
sealfs,10700.8
sealfs,10700.8
sealfs,10700.8
sealfs,10700.8
sealfs,10700.8
sealfs,10700.8
sealfs,10700.8
sealfs,10700.8
sealfs,10700.8
sealfs,10700.8
sealfs,10711.04
sealfs,10711.04
sealfs,10711.04
sealfs,10711.04
sealfs,10711.04
sealfs,10711.04
sealfs,10711.04
sealfs,10711.04
sealfs,10711.04
sealfs,10711.04
sealfs,10711.04
sealfs,10711.04
sealfs,10711.04
sealfs,10711.04
sealfs,10711.04
sealfs,10711.04
sealfs,10711.04
sealfs,10711.04
sealfs,10711.04
sealfs,10711.04
sealfs,10711.04
sealfs,10711.04
sealfs,10711.04
sealfs,10711.04
sealfs,10711.04
sealfs,10711.04
sealfs,10711.04
sealfs,10711.04
sealfs,10711.04
sealfs,10711.04
sealfs,10711.04
sealfs,10711.04
sealfs,10711.04
sealfs,10711.04
sealfs,10711.04
sealfs,10711.04
sealfs,10711.04
sealfs,10711.04
sealfs,10711.04
sealfs,10711.04
sealfs,10711.04
sealfs,10711.04
sealfs,10711.04
sealfs,10711.04
sealfs,10711.04
sealfs,10711.04
sealfs,10721.28
sealfs,10721.28
sealfs,10721.28
sealfs,10721.28
sealfs,10721.28
sealfs,10721.28
sealfs,10721.28
sealfs,10721.28
sealfs,10721.28
sealfs,10721.28
sealfs,10721.28
sealfs,10721.28
sealfs,10721.28
sealfs,10721.28
sealfs,10721.28
sealfs,10721.28
sealfs,10721.28
sealfs,10721.28
sealfs,10721.28
sealfs,10721.28
sealfs,10721.28
sealfs,10721.28
sealfs,10721.28
sealfs,10721.28
sealfs,10721.28
sealfs,10721.28
sealfs,10721.28
sealfs,10721.28
sealfs,10721.28
sealfs,10721.28
sealfs,10721.28
sealfs,10721.28
sealfs,10721.28
sealfs,10721.28
sealfs,10721.28
sealfs,10721.28
sealfs,10721.28
sealfs,10721.28
sealfs,10721.28
sealfs,10721.28
sealfs,10721.28
sealfs,10721.28
sealfs,10721.28
sealfs,10721.28
sealfs,10721.28
sealfs,10731.52
sealfs,10731.52
sealfs,10731.52
sealfs,10731.52
sealfs,10731.52
sealfs,10731.52
sealfs,10731.52
sealfs,10731.52
sealfs,10731.52
sealfs,10731.52
sealfs,10731.52
sealfs,10731.52
sealfs,10731.52
sealfs,10731.52
sealfs,10731.52
sealfs,10731.52
sealfs,10731.52
sealfs,10731.52
sealfs,10731.52
sealfs,10731.52
sealfs,10731.52
sealfs,10731.52
sealfs,10731.52
sealfs,10731.52
sealfs,10731.52
sealfs,10731.52
sealfs,10731.52
sealfs,10731.52
sealfs,10731.52
sealfs,10731.52
sealfs,10731.52
sealfs,10731.52
sealfs,10731.52
sealfs,10731.52
sealfs,10731.52
sealfs,10731.52
sealfs,10731.52
sealfs,10731.52
sealfs,10731.52
sealfs,10731.52
sealfs,10731.52
sealfs,10731.52
sealfs,10731.52
sealfs,10731.52
sealfs,10741.76
sealfs,10741.76
sealfs,10741.76
sealfs,10741.76
sealfs,10741.76
sealfs,10741.76
sealfs,10741.76
sealfs,10741.76
sealfs,10741.76
sealfs,10741.76
sealfs,10741.76
sealfs,10741.76
sealfs,10741.76
sealfs,10741.76
sealfs,10741.76
sealfs,10741.76
sealfs,10741.76
sealfs,10741.76
sealfs,10741.76
sealfs,10741.76
sealfs,10741.76
sealfs,10741.76
sealfs,10741.76
sealfs,10741.76
sealfs,10741.76
sealfs,10741.76
sealfs,10741.76
sealfs,10741.76
sealfs,10741.76
sealfs,10741.76
sealfs,10741.76
sealfs,10741.76
sealfs,10741.76
sealfs,10741.76
sealfs,10741.76
sealfs,10741.76
sealfs,10741.76
sealfs,10741.76
sealfs,10741.76
sealfs,10741.76
sealfs,10741.76
sealfs,10741.76
sealfs,10752
sealfs,10752
sealfs,10752
sealfs,10752
sealfs,10752
sealfs,10752
sealfs,10752
sealfs,10752
sealfs,10752
sealfs,10752
sealfs,10752
sealfs,10752
sealfs,10752
sealfs,10752
sealfs,10752
sealfs,10752
sealfs,10752
sealfs,10752
sealfs,10752
sealfs,10752
sealfs,10752
sealfs,10752
sealfs,10752
sealfs,10752
sealfs,10752
sealfs,10762.24
sealfs,10762.24
sealfs,10762.24
sealfs,10762.24
sealfs,10762.24
sealfs,10762.24
sealfs,10762.24
sealfs,10762.24
sealfs,10762.24
sealfs,10762.24
sealfs,10762.24
sealfs,10762.24
sealfs,10762.24
sealfs,10762.24
sealfs,10762.24
sealfs,10762.24
sealfs,10762.24
sealfs,10762.24
sealfs,10762.24
sealfs,10762.24
sealfs,10762.24
sealfs,10762.24
sealfs,10762.24
sealfs,10762.24
sealfs,10762.24
sealfs,10762.24
sealfs,10772.48
sealfs,10772.48
sealfs,10772.48
sealfs,10772.48
sealfs,10772.48
sealfs,10772.48
sealfs,10772.48
sealfs,10772.48
sealfs,10772.48
sealfs,10772.48
sealfs,10772.48
sealfs,10772.48
sealfs,10772.48
sealfs,10772.48
sealfs,10772.48
sealfs,10772.48
sealfs,10772.48
sealfs,10772.48
sealfs,10772.48
sealfs,10772.48
sealfs,10772.48
sealfs,10772.48
sealfs,10772.48
sealfs,10772.48
sealfs,10772.48
sealfs,10772.48
sealfs,10772.48
sealfs,10782.72
sealfs,10782.72
sealfs,10782.72
sealfs,10782.72
sealfs,10782.72
sealfs,10782.72
sealfs,10782.72
sealfs,10782.72
sealfs,10782.72
sealfs,10782.72
sealfs,10782.72
sealfs,10782.72
sealfs,10782.72
sealfs,10782.72
sealfs,10782.72
sealfs,10782.72
sealfs,10782.72
sealfs,10782.72
sealfs,10782.72
sealfs,10782.72
sealfs,10782.72
sealfs,10782.72
sealfs,10782.72
sealfs,10782.72
sealfs,10782.72
sealfs,10782.72
sealfs,10782.72
sealfs,10782.72
sealfs,10782.72
sealfs,10792.96
sealfs,10792.96
sealfs,10792.96
sealfs,10792.96
sealfs,10792.96
sealfs,10792.96
sealfs,10792.96
sealfs,10792.96
sealfs,10792.96
sealfs,10792.96
sealfs,10792.96
sealfs,10792.96
sealfs,10792.96
sealfs,10792.96
sealfs,10792.96
sealfs,10792.96
sealfs,10792.96
sealfs,10792.96
sealfs,10792.96
sealfs,10792.96
sealfs,10792.96
sealfs,10792.96
sealfs,10792.96
sealfs,10792.96
sealfs,10792.96
sealfs,10792.96
sealfs,10792.96
sealfs,10792.96
sealfs,10792.96
sealfs,10792.96
sealfs,10803.2
sealfs,10803.2
sealfs,10803.2
sealfs,10803.2
sealfs,10803.2
sealfs,10803.2
sealfs,10803.2
sealfs,10803.2
sealfs,10803.2
sealfs,10803.2
sealfs,10803.2
sealfs,10803.2
sealfs,10803.2
sealfs,10803.2
sealfs,10803.2
sealfs,10803.2
sealfs,10803.2
sealfs,10803.2
sealfs,10803.2
sealfs,10803.2
sealfs,10803.2
sealfs,10803.2
sealfs,10803.2
sealfs,10803.2
sealfs,10813.44
sealfs,10813.44
sealfs,10813.44
sealfs,10813.44
sealfs,10813.44
sealfs,10813.44
sealfs,10813.44
sealfs,10813.44
sealfs,10813.44
sealfs,10813.44
sealfs,10813.44
sealfs,10813.44
sealfs,10813.44
sealfs,10813.44
sealfs,10813.44
sealfs,10813.44
sealfs,10813.44
sealfs,10813.44
sealfs,10813.44
sealfs,10813.44
sealfs,10813.44
sealfs,10813.44
sealfs,10813.44
sealfs,10813.44
sealfs,10813.44
sealfs,10823.68
sealfs,10823.68
sealfs,10823.68
sealfs,10823.68
sealfs,10823.68
sealfs,10823.68
sealfs,10823.68
sealfs,10823.68
sealfs,10823.68
sealfs,10823.68
sealfs,10823.68
sealfs,10823.68
sealfs,10823.68
sealfs,10823.68
sealfs,10823.68
sealfs,10823.68
sealfs,10823.68
sealfs,10823.68
sealfs,10823.68
sealfs,10823.68
sealfs,10823.68
sealfs,10823.68
sealfs,10823.68
sealfs,10833.92
sealfs,10833.92
sealfs,10833.92
sealfs,10833.92
sealfs,10833.92
sealfs,10833.92
sealfs,10833.92
sealfs,10833.92
sealfs,10833.92
sealfs,10833.92
sealfs,10833.92
sealfs,10833.92
sealfs,10833.92
sealfs,10833.92
sealfs,10833.92
sealfs,10844.16
sealfs,10844.16
sealfs,10844.16
sealfs,10844.16
sealfs,10844.16
sealfs,10844.16
sealfs,10844.16
sealfs,10844.16
sealfs,10844.16
sealfs,10844.16
sealfs,10844.16
sealfs,10844.16
sealfs,10844.16
sealfs,10854.4
sealfs,10854.4
sealfs,10854.4
sealfs,10854.4
sealfs,10854.4
sealfs,10854.4
sealfs,10854.4
sealfs,10854.4
sealfs,10854.4
sealfs,10854.4
sealfs,10854.4
sealfs,10854.4
sealfs,10854.4
sealfs,10854.4
sealfs,10854.4
sealfs,10854.4
sealfs,10854.4
sealfs,10854.4
sealfs,10854.4
sealfs,10854.4
sealfs,10854.4
sealfs,10864.64
sealfs,10864.64
sealfs,10864.64
sealfs,10864.64
sealfs,10864.64
sealfs,10864.64
sealfs,10864.64
sealfs,10864.64
sealfs,10864.64
sealfs,10864.64
sealfs,10864.64
sealfs,10864.64
sealfs,10864.64
sealfs,10864.64
sealfs,10864.64
sealfs,10864.64
sealfs,10864.64
sealfs,10864.64
sealfs,10874.88
sealfs,10874.88
sealfs,10874.88
sealfs,10874.88
sealfs,10874.88
sealfs,10874.88
sealfs,10874.88
sealfs,10874.88
sealfs,10874.88
sealfs,10874.88
sealfs,10874.88
sealfs,10874.88
sealfs,10874.88
sealfs,10874.88
sealfs,10874.88
sealfs,10874.88
sealfs,10874.88
sealfs,10874.88
sealfs,10874.88
sealfs,10874.88
sealfs,10874.88
sealfs,10874.88
sealfs,10874.88
sealfs,10874.88
sealfs,10874.88
sealfs,10874.88
sealfs,10885.12
sealfs,10885.12
sealfs,10885.12
sealfs,10885.12
sealfs,10885.12
sealfs,10885.12
sealfs,10885.12
sealfs,10885.12
sealfs,10885.12
sealfs,10885.12
sealfs,10885.12
sealfs,10885.12
sealfs,10895.36
sealfs,10895.36
sealfs,10895.36
sealfs,10895.36
sealfs,10895.36
sealfs,10895.36
sealfs,10895.36
sealfs,10895.36
sealfs,10895.36
sealfs,10895.36
sealfs,10895.36
sealfs,10895.36
sealfs,10905.6
sealfs,10905.6
sealfs,10905.6
sealfs,10905.6
sealfs,10905.6
sealfs,10905.6
sealfs,10905.6
sealfs,10915.84
sealfs,10915.84
sealfs,10926.08
sealfs,10926.08
sealfs,10926.08
sealfs,10936.32
sealfs,10936.32
sealfs,10936.32
sealfs,10936.32
sealfs,10936.32
sealfs,10936.32
sealfs,10946.56
sealfs,10946.56
sealfs,10946.56
sealfs,10946.56
sealfs,10946.56
sealfs,10956.8
sealfs,10967.04
sealfs,10977.28
sealfs,10977.28
sealfs,10977.28
sealfs,10987.52
sealfs,10987.52
sealfs,10997.76
sealfs,10997.76
sealfs,11008
sealfs,11008
sealfs,11008
sealfs,11008
sealfs,11028.48
sealfs,11028.48
sealfs,11028.48
sealfs,11028.48
sealfs,11028.48
sealfs,11038.72
sealfs,11048.96
sealfs,11048.96
sealfs,11048.96
sealfs,11059.2
sealfs,11079.68
sealfs,11079.68
sealfs,11089.92
sealfs,11264
sealfs,11407.36
sealfs,11530.24
sealfs,11601.92
sealfs,11653.12
sealfs,11663.36
sealfs,11704.32
sealfs,11714.56
sealfs,11714.56
sealfs,11735.04
sealfs,11796.48
sealfs,11796.48
sealfs,11796.48
sealfs,11816.96
sealfs,11847.68
sealfs,11857.92
sealfs,11868.16
sealfs,11878.4
sealfs,11888.64
sealfs,11898.88
sealfs,11898.88
sealfs,11898.88
sealfs,11909.12
sealfs,11909.12
sealfs,11909.12
sealfs,11919.36
sealfs,11919.36
sealfs,11929.6
sealfs,11929.6
sealfs,11929.6
sealfs,11929.6
sealfs,11929.6
sealfs,11950.08
sealfs,11950.08
sealfs,11950.08
sealfs,11970.56
sealfs,12011.52
sealfs,12093.44
sealfs,12144.64
sealfs,12165.12
sealfs,12175.36
sealfs,12206.08
sealfs,12216.32
sealfs,12236.8
sealfs,12277.76
sealfs,12318.72
sealfs,12339.2
sealfs,12359.68
sealfs,12369.92
sealfs,12380.16
sealfs,12390.4
sealfs,12441.6
sealfs,12472.32
sealfs,12482.56
sealfs,12503.04
sealfs,12533.76
sealfs,12615.68
sealfs,12615.68
sealfs,12636.16
sealfs,12646.4
sealfs,12656.64
sealfs,12656.64
sealfs,12666.88
sealfs,12666.88
sealfs,12666.88
sealfs,12677.12
sealfs,12687.36
sealfs,12707.84
sealfs,12707.84
sealfs,12707.84
sealfs,12718.08
sealfs,12738.56
sealfs,12748.8
sealfs,12759.04
sealfs,12769.28
sealfs,12769.28
sealfs,12769.28
sealfs,12769.28
sealfs,12769.28
sealfs,12769.28
sealfs,12779.52
sealfs,12779.52
sealfs,12789.76
sealfs,12789.76
sealfs,12789.76
sealfs,12800
sealfs,12800
sealfs,12800
sealfs,12800
sealfs,12800
sealfs,12800
sealfs,12800
sealfs,12810.24
sealfs,12810.24
sealfs,12820.48
sealfs,12820.48
sealfs,12820.48
sealfs,12830.72
sealfs,12830.72
sealfs,12840.96
sealfs,12851.2
sealfs,12851.2
sealfs,12861.44
sealfs,12871.68
sealfs,12871.68
sealfs,12871.68
sealfs,12871.68
sealfs,12871.68
sealfs,12881.92
sealfs,12881.92
sealfs,12881.92
sealfs,12881.92
sealfs,12881.92
sealfs,12892.16
sealfs,12892.16
sealfs,12902.4
sealfs,12902.4
sealfs,12912.64
sealfs,12912.64
sealfs,12922.88
sealfs,12922.88
sealfs,12922.88
sealfs,12933.12
sealfs,12933.12
sealfs,12933.12
sealfs,12943.36
sealfs,12943.36
sealfs,12953.6
sealfs,12953.6
sealfs,12953.6
sealfs,12963.84
sealfs,12963.84
sealfs,12984.32
sealfs,12994.56
sealfs,13004.8
sealfs,13004.8
sealfs,13025.28
sealfs,13035.52
sealfs,13076.48
sealfs,13076.48
sealfs,13076.48
sealfs,13086.72
sealfs,13117.44
sealfs,13117.44
sealfs,13137.92
sealfs,13178.88
